id,keywords
1,"[{'id': 13, 'name': 'fun'}, {'id': 17, 'name': 'party'}, {'id': 18, 'name': 'concert'}, {'id': 19, 'name': 'drunk'}, {'id': 21, 'name': 'smile'}]"
2,"[{'id': 2, 'name': 'photography'}, {'id': 3, 'name': 'sunrise'}, {'id': 4, 'name': 'landscape'}, {'id': 20, 'name': 'beach'}]"
3,"[{'id': 8, 'name': 'beauty'}]"
4,"[{'id': 11, 'name': 'lol'}, {'id': 12, 'name': 'happy'}, {'id': 13, 'name': 'fun'}, {'id': 21, 'name': 'smile'}]"
5,"[{'id': 14, 'name': 'style'}, {'id': 15, 'name': 'hair'}, {'id': 16, 'name': 'fashion'}, {'id': 17, 'name': 'party'}]"
6,"[{'id': 13, 'name': 'fun'}, {'id': 17, 'name': 'party'}, {'id': 19, 'name': 'drunk'}, {'id': 21, 'name': 'smile'}]"
7,"[{'id': 11, 'name': 'lol'}, {'id': 12, 'name': 'happy'}, {'id': 13, 'name': 'fun'}, {'id': 21, 'name': 'smile'}]"
8,"[{'id': 13, 'name': 'fun'}, {'id': 17, 'name': 'party'}, {'id': 19, 'name': 'drunk'}, {'id': 21, 'name': 'smile'}]"
9,"[{'id': 18, 'name': 'concert'}]"
10,"[{'id': 2, 'name': 'photography'}]"
11,"[{'id': 11, 'name': 'lol'}, {'id': 12, 'name': 'happy'}, {'id': 21, 'name': 'smile'}]"
12,"[{'id': 4, 'name': 'landscape'}]"
13,"[{'id': 13, 'name': 'fun'}, {'id': 19, 'name': 'drunk'}]"
14,"[{'id': 1, 'name': 'sunset'}, {'id': 20, 'name': 'beach'}]"
17,"[{'id': 13, 'name': 'fun'}, {'id': 18, 'name': 'concert'}, {'id': 19, 'name': 'drunk'}]"
19,"[{'id': 5, 'name': 'food'}]"
21,"[{'id': 1, 'name': 'sunset'}, {'id': 3, 'name': 'sunrise'}, {'id': 4, 'name': 'landscape'}, {'id': 20, 'name': 'beach'}]"
22,"[{'id': 5, 'name': 'food'}, {'id': 6, 'name': 'foodie'}, {'id': 7, 'name': 'delicious'}]"
23,"[{'id': 13, 'name': 'fun'}, {'id': 18, 'name': 'concert'}, {'id': 19, 'name': 'drunk'}, {'id': 21, 'name': 'smile'}]"
24,"[{'id': 12, 'name': 'happy'}, {'id': 13, 'name': 'fun'}, {'id': 21, 'name': 'smile'}]"
25,"[{'id': 8, 'name': 'beauty'}, {'id': 10, 'name': 'dreamy'}, {'id': 21, 'name': 'smile'}]"
26,"[{'id': 8, 'name': 'beauty'}, {'id': 9, 'name': 'stunning'}, {'id': 10, 'name': 'dreamy'}, {'id': 20, 'name': 'beach'}, {'id': 21, 'name': 'smile'}]"
28,"[{'id': 9, 'name': 'stunning'}, {'id': 10, 'name': 'dreamy'}]"
29,"[{'id': 8, 'name': 'beauty'}, {'id': 9, 'name': 'stunning'}, {'id': 20, 'name': 'beach'}, {'id': 21, 'name': 'smile'}]"
30,"[{'id': 5, 'name': 'food'}, {'id': 6, 'name': 'foodie'}, {'id': 7, 'name': 'delicious'}]"
31,"[{'id': 5, 'name': 'food'}, {'id': 7, 'name': 'delicious'}]"
32,"[{'id': 8, 'name': 'beauty'}, {'id': 9, 'name': 'stunning'}, {'id': 10, 'name': 'dreamy'}, {'id': 20, 'name': 'beach'}, {'id': 21, 'name': 'smile'}]"
34,"[{'id': 11, 'name': 'lol'}, {'id': 12, 'name': 'happy'}, {'id': 13, 'name': 'fun'}]"
35,"[{'id': 5, 'name': 'food'}, {'id': 6, 'name': 'foodie'}, {'id': 7, 'name': 'delicious'}]"
36,"[{'id': 5, 'name': 'food'}, {'id': 6, 'name': 'foodie'}, {'id': 7, 'name': 'delicious'}]"
37,"[{'id': 13, 'name': 'fun'}, {'id': 18, 'name': 'concert'}, {'id': 21, 'name': 'smile'}]"
38,"[{'id': 2, 'name': 'photography'}, {'id': 3, 'name': 'sunrise'}]"
43,"[{'id': 11, 'name': 'lol'}, {'id': 12, 'name': 'happy'}, {'id': 21, 'name': 'smile'}]"
44,"[{'id': 10, 'name': 'dreamy'}, {'id': 20, 'name': 'beach'}]"
45,"[{'id': 1, 'name': 'sunset'}, {'id': 3, 'name': 'sunrise'}]"
47,"[{'id': 20, 'name': 'beach'}]"
49,"[{'id': 18, 'name': 'concert'}, {'id': 21, 'name': 'smile'}]"
50,"[{'id': 5, 'name': 'food'}]"
51,"[{'id': 8, 'name': 'beauty'}, {'id': 20, 'name': 'beach'}, {'id': 21, 'name': 'smile'}]"
53,"[{'id': 8, 'name': 'beauty'}]"
55,"[{'id': 12, 'name': 'happy'}]"
56,"[{'id': 11, 'name': 'lol'}]"
57,"[{'id': 13, 'name': 'fun'}, {'id': 17, 'name': 'party'}, {'id': 18, 'name': 'concert'}, {'id': 19, 'name': 'drunk'}, {'id': 21, 'name': 'smile'}]"
58,"[{'id': 8, 'name': 'beauty'}]"
59,"[{'id': 9, 'name': 'stunning'}, {'id': 10, 'name': 'dreamy'}, {'id': 20, 'name': 'beach'}, {'id': 21, 'name': 'smile'}]"
60,"[{'id': 15, 'name': 'hair'}, {'id': 16, 'name': 'fashion'}, {'id': 17, 'name': 'party'}]"
61,"[{'id': 10, 'name': 'dreamy'}, {'id': 20, 'name': 'beach'}]"
62,"[{'id': 2, 'name': 'photography'}]"
63,"[{'id': 6, 'name': 'foodie'}]"
64,"[{'id': 11, 'name': 'lol'}, {'id': 12, 'name': 'happy'}, {'id': 13, 'name': 'fun'}, {'id': 21, 'name': 'smile'}]"
65,"[{'id': 5, 'name': 'food'}, {'id': 7, 'name': 'delicious'}]"
66,"[{'id': 15, 'name': 'hair'}, {'id': 17, 'name': 'party'}]"
68,"[{'id': 11, 'name': 'lol'}, {'id': 21, 'name': 'smile'}]"
70,"[{'id': 11, 'name': 'lol'}, {'id': 12, 'name': 'happy'}, {'id': 21, 'name': 'smile'}]"
71,"[{'id': 14, 'name': 'style'}, {'id': 15, 'name': 'hair'}, {'id': 16, 'name': 'fashion'}]"
72,"[{'id': 8, 'name': 'beauty'}, {'id': 20, 'name': 'beach'}, {'id': 21, 'name': 'smile'}]"
73,"[{'id': 13, 'name': 'fun'}, {'id': 21, 'name': 'smile'}]"
74,"[{'id': 15, 'name': 'hair'}, {'id': 16, 'name': 'fashion'}]"
75,"[{'id': 1, 'name': 'sunset'}, {'id': 4, 'name': 'landscape'}, {'id': 20, 'name': 'beach'}]"
76,"[{'id': 11, 'name': 'lol'}, {'id': 12, 'name': 'happy'}]"
78,"[{'id': 15, 'name': 'hair'}, {'id': 16, 'name': 'fashion'}, {'id': 17, 'name': 'party'}]"
79,"[{'id': 5, 'name': 'food'}, {'id': 6, 'name': 'foodie'}, {'id': 7, 'name': 'delicious'}]"
83,"[{'id': 1, 'name': 'sunset'}, {'id': 3, 'name': 'sunrise'}]"
84,"[{'id': 13, 'name': 'fun'}, {'id': 17, 'name': 'party'}, {'id': 18, 'name': 'concert'}]"
85,"[{'id': 1, 'name': 'sunset'}, {'id': 3, 'name': 'sunrise'}, {'id': 20, 'name': 'beach'}]"
86,"[{'id': 13, 'name': 'fun'}]"
87,"[{'id': 12, 'name': 'happy'}, {'id': 13, 'name': 'fun'}, {'id': 21, 'name': 'smile'}]"
88,"[{'id': 17, 'name': 'party'}, {'id': 18, 'name': 'concert'}]"
90,"[{'id': 14, 'name': 'style'}, {'id': 17, 'name': 'party'}]"
91,"[{'id': 1, 'name': 'sunset'}, {'id': 3, 'name': 'sunrise'}, {'id': 4, 'name': 'landscape'}]"
92,"[{'id': 19, 'name': 'drunk'}]"
93,"[{'id': 13, 'name': 'fun'}, {'id': 17, 'name': 'party'}, {'id': 18, 'name': 'concert'}, {'id': 21, 'name': 'smile'}]"
94,"[{'id': 13, 'name': 'fun'}, {'id': 17, 'name': 'party'}, {'id': 18, 'name': 'concert'}, {'id': 19, 'name': 'drunk'}, {'id': 21, 'name': 'smile'}]"
95,"[{'id': 13, 'name': 'fun'}, {'id': 17, 'name': 'party'}, {'id': 18, 'name': 'concert'}, {'id': 19, 'name': 'drunk'}, {'id': 21, 'name': 'smile'}]"
96,"[{'id': 15, 'name': 'hair'}, {'id': 17, 'name': 'party'}]"
97,"[{'id': 5, 'name': 'food'}, {'id': 6, 'name': 'foodie'}, {'id': 7, 'name': 'delicious'}]"
98,"[{'id': 14, 'name': 'style'}, {'id': 15, 'name': 'hair'}, {'id': 16, 'name': 'fashion'}, {'id': 17, 'name': 'party'}]"
100,"[{'id': 20, 'name': 'beach'}]"
101,"[{'id': 14, 'name': 'style'}, {'id': 16, 'name': 'fashion'}]"
102,"[{'id': 14, 'name': 'style'}, {'id': 15, 'name': 'hair'}, {'id': 16, 'name': 'fashion'}]"
103,"[{'id': 5, 'name': 'food'}]"
107,"[{'id': 11, 'name': 'lol'}, {'id': 12, 'name': 'happy'}, {'id': 21, 'name': 'smile'}]"
108,"[{'id': 11, 'name': 'lol'}]"
109,"[{'id': 8, 'name': 'beauty'}, {'id': 9, 'name': 'stunning'}, {'id': 10, 'name': 'dreamy'}]"
110,"[{'id': 2, 'name': 'photography'}]"
111,"[{'id': 14, 'name': 'style'}, {'id': 15, 'name': 'hair'}, {'id': 16, 'name': 'fashion'}, {'id': 17, 'name': 'party'}]"
112,"[{'id': 9, 'name': 'stunning'}, {'id': 20, 'name': 'beach'}, {'id': 21, 'name': 'smile'}]"
116,"[{'id': 7, 'name': 'delicious'}]"
117,"[{'id': 21, 'name': 'smile'}]"
118,"[{'id': 1, 'name': 'sunset'}, {'id': 4, 'name': 'landscape'}, {'id': 20, 'name': 'beach'}]"
120,"[{'id': 17, 'name': 'party'}, {'id': 19, 'name': 'drunk'}, {'id': 21, 'name': 'smile'}]"
121,"[{'id': 11, 'name': 'lol'}, {'id': 12, 'name': 'happy'}, {'id': 13, 'name': 'fun'}, {'id': 21, 'name': 'smile'}]"
122,"[{'id': 15, 'name': 'hair'}]"
123,"[{'id': 14, 'name': 'style'}, {'id': 15, 'name': 'hair'}, {'id': 17, 'name': 'party'}]"
124,"[{'id': 15, 'name': 'hair'}, {'id': 16, 'name': 'fashion'}, {'id': 17, 'name': 'party'}]"
125,"[{'id': 11, 'name': 'lol'}, {'id': 12, 'name': 'happy'}]"
126,"[{'id': 2, 'name': 'photography'}, {'id': 3, 'name': 'sunrise'}, {'id': 4, 'name': 'landscape'}]"
127,"[{'id': 21, 'name': 'smile'}]"
131,"[{'id': 5, 'name': 'food'}]"
132,"[{'id': 13, 'name': 'fun'}, {'id': 17, 'name': 'party'}, {'id': 18, 'name': 'concert'}, {'id': 19, 'name': 'drunk'}, {'id': 21, 'name': 'smile'}]"
133,"[{'id': 14, 'name': 'style'}, {'id': 15, 'name': 'hair'}, {'id': 16, 'name': 'fashion'}, {'id': 17, 'name': 'party'}]"
134,"[{'id': 11, 'name': 'lol'}, {'id': 12, 'name': 'happy'}, {'id': 13, 'name': 'fun'}, {'id': 21, 'name': 'smile'}]"
135,"[{'id': 17, 'name': 'party'}]"
136,"[{'id': 8, 'name': 'beauty'}, {'id': 9, 'name': 'stunning'}, {'id': 10, 'name': 'dreamy'}, {'id': 20, 'name': 'beach'}, {'id': 21, 'name': 'smile'}]"
137,"[{'id': 11, 'name': 'lol'}, {'id': 12, 'name': 'happy'}, {'id': 13, 'name': 'fun'}, {'id': 21, 'name': 'smile'}]"
138,"[{'id': 9, 'name': 'stunning'}, {'id': 10, 'name': 'dreamy'}, {'id': 20, 'name': 'beach'}]"
139,"[{'id': 5, 'name': 'food'}]"
140,"[{'id': 11, 'name': 'lol'}, {'id': 12, 'name': 'happy'}]"
141,"[{'id': 17, 'name': 'party'}]"
142,"[{'id': 20, 'name': 'beach'}, {'id': 21, 'name': 'smile'}]"
145,"[{'id': 13, 'name': 'fun'}, {'id': 17, 'name': 'party'}, {'id': 18, 'name': 'concert'}, {'id': 19, 'name': 'drunk'}, {'id': 21, 'name': 'smile'}]"
147,"[{'id': 5, 'name': 'food'}]"
148,"[{'id': 11, 'name': 'lol'}]"
149,"[{'id': 1, 'name': 'sunset'}, {'id': 2, 'name': 'photography'}, {'id': 4, 'name': 'landscape'}, {'id': 20, 'name': 'beach'}]"
152,"[{'id': 14, 'name': 'style'}, {'id': 15, 'name': 'hair'}, {'id': 16, 'name': 'fashion'}, {'id': 17, 'name': 'party'}]"
153,"[{'id': 14, 'name': 'style'}, {'id': 15, 'name': 'hair'}, {'id': 16, 'name': 'fashion'}, {'id': 17, 'name': 'party'}]"
154,"[{'id': 21, 'name': 'smile'}]"
155,"[{'id': 8, 'name': 'beauty'}, {'id': 9, 'name': 'stunning'}, {'id': 10, 'name': 'dreamy'}, {'id': 20, 'name': 'beach'}, {'id': 21, 'name': 'smile'}]"
156,"[{'id': 5, 'name': 'food'}, {'id': 6, 'name': 'foodie'}]"
157,"[{'id': 11, 'name': 'lol'}, {'id': 12, 'name': 'happy'}, {'id': 13, 'name': 'fun'}, {'id': 21, 'name': 'smile'}]"
158,"[{'id': 15, 'name': 'hair'}]"
159,"[{'id': 5, 'name': 'food'}]"
160,"[{'id': 5, 'name': 'food'}]"
161,"[{'id': 11, 'name': 'lol'}]"
162,"[{'id': 14, 'name': 'style'}, {'id': 15, 'name': 'hair'}, {'id': 17, 'name': 'party'}]"
163,"[{'id': 13, 'name': 'fun'}, {'id': 19, 'name': 'drunk'}, {'id': 21, 'name': 'smile'}]"
166,"[{'id': 13, 'name': 'fun'}, {'id': 17, 'name': 'party'}]"
168,"[{'id': 5, 'name': 'food'}, {'id': 6, 'name': 'foodie'}]"
169,"[{'id': 12, 'name': 'happy'}]"
171,"[{'id': 8, 'name': 'beauty'}, {'id': 9, 'name': 'stunning'}, {'id': 10, 'name': 'dreamy'}, {'id': 20, 'name': 'beach'}, {'id': 21, 'name': 'smile'}]"
172,"[{'id': 14, 'name': 'style'}, {'id': 15, 'name': 'hair'}, {'id': 16, 'name': 'fashion'}]"
173,"[{'id': 15, 'name': 'hair'}, {'id': 16, 'name': 'fashion'}, {'id': 17, 'name': 'party'}]"
174,"[{'id': 5, 'name': 'food'}]"
175,"[{'id': 17, 'name': 'party'}, {'id': 18, 'name': 'concert'}]"
177,"[{'id': 15, 'name': 'hair'}, {'id': 17, 'name': 'party'}]"
178,"[{'id': 16, 'name': 'fashion'}]"
181,"[{'id': 5, 'name': 'food'}, {'id': 7, 'name': 'delicious'}]"
182,"[{'id': 8, 'name': 'beauty'}, {'id': 10, 'name': 'dreamy'}, {'id': 20, 'name': 'beach'}, {'id': 21, 'name': 'smile'}]"
183,"[{'id': 5, 'name': 'food'}]"
184,"[{'id': 12, 'name': 'happy'}, {'id': 13, 'name': 'fun'}, {'id': 21, 'name': 'smile'}]"
185,"[{'id': 8, 'name': 'beauty'}, {'id': 9, 'name': 'stunning'}, {'id': 10, 'name': 'dreamy'}, {'id': 20, 'name': 'beach'}, {'id': 21, 'name': 'smile'}]"
188,"[{'id': 11, 'name': 'lol'}, {'id': 13, 'name': 'fun'}, {'id': 21, 'name': 'smile'}]"
189,"[{'id': 8, 'name': 'beauty'}, {'id': 10, 'name': 'dreamy'}, {'id': 20, 'name': 'beach'}]"
190,"[{'id': 17, 'name': 'party'}, {'id': 18, 'name': 'concert'}]"
191,"[{'id': 5, 'name': 'food'}, {'id': 6, 'name': 'foodie'}]"
194,"[{'id': 1, 'name': 'sunset'}]"
197,"[{'id': 13, 'name': 'fun'}, {'id': 18, 'name': 'concert'}, {'id': 19, 'name': 'drunk'}, {'id': 21, 'name': 'smile'}]"
199,"[{'id': 11, 'name': 'lol'}, {'id': 13, 'name': 'fun'}]"
201,"[{'id': 1, 'name': 'sunset'}, {'id': 2, 'name': 'photography'}, {'id': 3, 'name': 'sunrise'}, {'id': 4, 'name': 'landscape'}, {'id': 20, 'name': 'beach'}]"
202,"[{'id': 17, 'name': 'party'}, {'id': 18, 'name': 'concert'}, {'id': 19, 'name': 'drunk'}, {'id': 21, 'name': 'smile'}]"
203,"[{'id': 17, 'name': 'party'}, {'id': 18, 'name': 'concert'}, {'id': 19, 'name': 'drunk'}]"
205,"[{'id': 17, 'name': 'party'}, {'id': 18, 'name': 'concert'}, {'id': 21, 'name': 'smile'}]"
206,"[{'id': 14, 'name': 'style'}]"
207,"[{'id': 13, 'name': 'fun'}, {'id': 21, 'name': 'smile'}]"
208,"[{'id': 4, 'name': 'landscape'}, {'id': 20, 'name': 'beach'}]"
209,"[{'id': 2, 'name': 'photography'}, {'id': 3, 'name': 'sunrise'}, {'id': 20, 'name': 'beach'}]"
210,"[{'id': 1, 'name': 'sunset'}, {'id': 2, 'name': 'photography'}]"
211,"[{'id': 13, 'name': 'fun'}, {'id': 18, 'name': 'concert'}]"
212,"[{'id': 8, 'name': 'beauty'}, {'id': 9, 'name': 'stunning'}, {'id': 20, 'name': 'beach'}, {'id': 21, 'name': 'smile'}]"
214,"[{'id': 14, 'name': 'style'}, {'id': 15, 'name': 'hair'}, {'id': 16, 'name': 'fashion'}, {'id': 17, 'name': 'party'}]"
216,"[{'id': 1, 'name': 'sunset'}, {'id': 3, 'name': 'sunrise'}]"
218,"[{'id': 8, 'name': 'beauty'}, {'id': 20, 'name': 'beach'}]"
219,"[{'id': 13, 'name': 'fun'}, {'id': 17, 'name': 'party'}, {'id': 18, 'name': 'concert'}, {'id': 19, 'name': 'drunk'}, {'id': 21, 'name': 'smile'}]"
220,"[{'id': 2, 'name': 'photography'}, {'id': 3, 'name': 'sunrise'}, {'id': 4, 'name': 'landscape'}, {'id': 20, 'name': 'beach'}]"
221,"[{'id': 12, 'name': 'happy'}, {'id': 13, 'name': 'fun'}, {'id': 21, 'name': 'smile'}]"
222,"[{'id': 7, 'name': 'delicious'}]"
225,"[{'id': 7, 'name': 'delicious'}]"
226,"[{'id': 11, 'name': 'lol'}, {'id': 12, 'name': 'happy'}, {'id': 13, 'name': 'fun'}, {'id': 21, 'name': 'smile'}]"
227,"[{'id': 1, 'name': 'sunset'}, {'id': 2, 'name': 'photography'}, {'id': 3, 'name': 'sunrise'}, {'id': 4, 'name': 'landscape'}, {'id': 20, 'name': 'beach'}]"
228,"[{'id': 20, 'name': 'beach'}]"
230,"[{'id': 8, 'name': 'beauty'}, {'id': 9, 'name': 'stunning'}, {'id': 10, 'name': 'dreamy'}, {'id': 20, 'name': 'beach'}, {'id': 21, 'name': 'smile'}]"
231,"[{'id': 1, 'name': 'sunset'}, {'id': 3, 'name': 'sunrise'}, {'id': 4, 'name': 'landscape'}]"
232,"[{'id': 8, 'name': 'beauty'}, {'id': 9, 'name': 'stunning'}, {'id': 10, 'name': 'dreamy'}, {'id': 20, 'name': 'beach'}, {'id': 21, 'name': 'smile'}]"
233,"[{'id': 1, 'name': 'sunset'}, {'id': 2, 'name': 'photography'}, {'id': 3, 'name': 'sunrise'}, {'id': 20, 'name': 'beach'}]"
235,"[{'id': 10, 'name': 'dreamy'}]"
237,"[{'id': 10, 'name': 'dreamy'}, {'id': 20, 'name': 'beach'}]"
238,"[{'id': 1, 'name': 'sunset'}, {'id': 2, 'name': 'photography'}, {'id': 3, 'name': 'sunrise'}, {'id': 4, 'name': 'landscape'}, {'id': 20, 'name': 'beach'}]"
239,"[{'id': 17, 'name': 'party'}, {'id': 18, 'name': 'concert'}, {'id': 21, 'name': 'smile'}]"
240,"[{'id': 4, 'name': 'landscape'}, {'id': 20, 'name': 'beach'}]"
242,"[{'id': 1, 'name': 'sunset'}, {'id': 2, 'name': 'photography'}, {'id': 4, 'name': 'landscape'}, {'id': 20, 'name': 'beach'}]"
243,"[{'id': 1, 'name': 'sunset'}]"
244,"[{'id': 5, 'name': 'food'}, {'id': 6, 'name': 'foodie'}, {'id': 7, 'name': 'delicious'}]"
247,"[{'id': 14, 'name': 'style'}, {'id': 16, 'name': 'fashion'}]"
248,"[{'id': 9, 'name': 'stunning'}, {'id': 10, 'name': 'dreamy'}]"
249,"[{'id': 5, 'name': 'food'}, {'id': 7, 'name': 'delicious'}]"
250,"[{'id': 14, 'name': 'style'}, {'id': 15, 'name': 'hair'}, {'id': 16, 'name': 'fashion'}]"
251,"[{'id': 11, 'name': 'lol'}]"
253,"[{'id': 7, 'name': 'delicious'}]"
254,"[{'id': 2, 'name': 'photography'}, {'id': 3, 'name': 'sunrise'}, {'id': 4, 'name': 'landscape'}, {'id': 20, 'name': 'beach'}]"
257,"[{'id': 13, 'name': 'fun'}, {'id': 18, 'name': 'concert'}, {'id': 19, 'name': 'drunk'}]"
